previewURI	title	subtitle	ingredients	allergies	diets	categories
https://imagesvc.meredithcorp.io/v3/mm/image?url=https%3A%2F%2Fimages.media-allrecipes.com%2Fuserphotos%2F4476725.jpg&w=595&h=595&c=sc&poi=face&q=85	Grandma's Famous Salmon Cakes	This is a recipe for my Grandmother's famous salmon cakes.	"[""Salmon"", ""Eggs"", ""Onion"", ""Black pepper"", ""Vegetable oil""]"	"[""Eggs""]"	"[""Pescetarian""]"	"[""Lunch""]"
https://images.immediate.co.uk/production/volatile/sites/30/2020/08/chorizo-mozarella-gnocchi-bake-cropped-9ab73a3.jpg?quality=90&webp=true&resize=600,545	Chorizo & mozzarella gnocchi bake	Upgrade cheesy tomato pasta with gnocchi, chorizo and mozzarella for a comforting bake that makes an excellent midweek meal	"[""olive oil"", ""garlic cloves"", ""onion"", ""chorizo"", ""chopped tomatoes"", ""caster sugar"", ""gnocchi"", ""mozzarella ball"", ""green salad""]"	[]	"[""Vegetarian"", ""Halal"", ""Non-spicy""]"	"[""Lunch"", ""Dinner"", ""Pasta""]"
https://images.immediate.co.uk/production/volatile/sites/30/2020/08/butter-chicken-cf6f9e2.jpg?quality=90&webp=true&resize=440,400	Easy butter chicken	Fancy a healthy version of your favourite Friday night chicken curry? The chicken can be marinaded the day before so you can get ahead on your prep	"[""chicken thighs"", ""lemon"", ""tsp ground cumin"", ""tsp paprika"", ""hot chilli powder"", ""natural yogurt"", ""basmati rice"", ""naan bread""]"	"[""Milk""]"	"[""Gluten free"", ""Non-spicy""]"	"[""Lunch"", ""Dinner"", ""Rice""]"
https://images.immediate.co.uk/production/volatile/sites/30/2020/08/classic-lasange-4a66137.jpg?quality=90&webp=true&resize=440,400	Easy classic lasagne	Kids will love to help assemble this easiest ever pasta bake with streaky bacon, beef mince, a crème fraîche sauce and gooey mozzarella	"[""olive oil"", ""rashers smoked streaky bacon"", ""carrot"", ""beef mince"", ""tomato purée"", ""freshly grated parmesan"", ""mozzarella ball""]"	"[""Eggs"", ""Milk"", ""Pasta""]"	"[""Non-spicy""]"	"[""Lunch"", ""Dinner"", ""Meat""]"
https://images.immediate.co.uk/production/volatile/sites/30/2020/08/thai-aea8468.jpg?quality=90&webp=true&resize=440,400	Thai fried prawn & pineapple rice	This quick, low calorie supper is perfect for a busy weeknight. Cook your rice in advance to get ahead - run it under cold water to chill quickly, then freeze in a food bag for up to one month	"[""pineapple"", ""Thai green curry paste"", ""basmati rice"", ""eggs"", ""frozen prawns""]"	"[""Eggs"", ""Fish"", ""Shellfish""]"	"[""Shellfish"", ""Pescetarian"", ""Halal"", ""Kosher""]"	"[""Lunch"", ""Dinner"", ""Rice"", ""Fish"", ""Seafood""]"
https://images.immediate.co.uk/production/volatile/sites/30/2020/08/one-pan-spaghetti-with-nduja-fennel-olives-2308fb3.jpg?quality=90&webp=true&resize=440,400	One-pan spaghetti with nduja, fennel & olives	A spicy sausage pasta dish with a difference. Using the cooking water helps the sauce cling to the pasta and gives the dish more body. A silky smooth sauce, perfect pasta and one pan to wash!	"[""spaghetti"", ""garlic cloves"", ""fennel"", ""nduja"", ""tomatoes"", ""black olives"", ""pecorino"", ""basil""]"	"[""Eggs"", ""Wheat""]"	"[""Pescetarian""]"	"[""Lunch"", ""Dinner"", ""Pasta""]"
https://images.immediate.co.uk/production/volatile/sites/30/2020/08/recipe-image-legacy-id-1273477_8-ad36e3b.jpg?quality=90&webp=true&resize=440,400	Easy pancakes	Learn a skill for life with our foolproof crêpe recipe that ensures perfect pancakes every time – elaborate flip optional	"[""plain flour"", ""eggs"", ""milk"", ""vegetable oil"", ""caster sugar""]"	"[""Eggs"", ""Wheat"", ""Milk""]"	"[""Halal"", ""Kosher"", ""Vegetarian"", ""Non-spicy""]"	"[""Breakfast"", ""Dessert""]"
https://images.immediate.co.uk/production/volatile/sites/30/2020/08/chicken-fajitas-2-d7172f8.jpg?quality=90&webp=true&resize=440,400	Easy chicken fajitas	Need a simple, vibrant midweek meal the family will love? Put together these easy chicken fajitas and people can create their own masterpieces at the table	"[""chicken breasts"", ""red onion"", ""red pepper"", ""red chilli"", ""ground coriander""]"	"[""Eggs"", ""Wheat""]"	"[""Halal"", ""Kosher"", ""Non-spicy""]"	"[""Lunch"", ""Dinner""]"
https://images.immediate.co.uk/production/volatile/sites/30/2020/08/carrot-cake-f1b3d0c.jpg?quality=90&webp=true&resize=440,400	Easy carrot cake	Top this classic carrot cake with moreish icing and chopped walnuts or pecans. Serve as a sweet treat with a cup of tea any time of the day.	"[""natural yogurt"", ""eggs"", ""vanilla extract"", ""orange"", ""self-raising flour"", ""nutmeg"", ""carrots"", ""walnuts""]"	"[""Eggs"", ""Milk"", ""Wheat"", ""Peanuts""]"	"[""Halal"", ""Kosher"", ""Vegetarian"", ""Non-spicy""]"	"[""Lunch"", ""Dinner"", ""Breakfast"", ""Dessert""]"
https://images.immediate.co.uk/production/volatile/sites/30/2020/08/piri-piri-chicken-with-smashed-sweet-potatoes-broccoli-84cb220.jpg?quality=90&webp=true&resize=440,400	Piri-piri chicken with smashed sweet potatoes & broccoli	Serve up an easy one-pan traybake of piri-piri chicken with sweet potatoes and broccoli. As well as being simple to make, it delivers three of your 5-a-day	"[""sweet potatoes"", ""chicken thighs"", ""red onions"", ""sachet piri-piri spice mix"", ""long-stem broccoli""]"	[]	"[""Halal"", ""Kosher"", ""Non-spicy"", ""Dairy free""]"	"[""Lunch"", ""Dinner""]"
https://images.immediate.co.uk/production/volatile/sites/30/2020/08/meatballs-main-b401430.jpg?quality=90&webp=true&resize=440,400	Easy meatballs	BBC Good Food magazine's food editor Barney & his daughter Maisie love making these sausage and beef meatballs to serve on spaghetti with hidden vegetable tomato sauce	"[""pork sausage"", ""carrot"", ""dried oregano"", ""lean beef mince"", ""parmesan"", ""dried breadcrumb"", ""egg"", ""spaghetti""]"	"[""Eggs""]"	"[""Non-spicy""]"	"[""Lunch"", ""Dinner"", ""Pasta"", ""Meat""]"
https://images.immediate.co.uk/production/volatile/sites/30/2020/08/recipe-image-legacy-id-52267_11-6aba81b.jpg?quality=90&webp=true&resize=440,400	Easy beef hotpot	Stretch a pack of mince to make this hearty dish. It's perfect eaten straight from the bowl with a spoon and some crusty bread on a cold winter's night	"[""onions"", ""carrots"", ""potatoes"", ""lean minced beef"", ""beef stock cubes"", ""baked beans"", ""Worcestershire sauce""]"	[]	"[""Non-spicy"", ""Dairy free""]"	"[""Lunch"", ""Soup"", ""Meat""]]"
https://images.immediate.co.uk/production/volatile/sites/30/2020/08/recipe-image-legacy-id-901483_10-af0bd6b.jpg?quality=90&webp=true&resize=440,400	Unbelievably easy mince pies	No rolling required! Press the raw, crumbly pastry directly into your tin for a short, biscuity finish. Our easiest mince pie recipe and great fun to make with kids	"[""butter"", ""plain flour"", ""golden caster sugar"", ""mincemeat"", ""egg"", ""icing sugar""]"	"[""Eggs""]"	"[""Non-spicy""]"	"[""Lunch"", ""Dinner"", ""Breakfast"", ""Meat""]"
https://images.immediate.co.uk/production/volatile/sites/30/2020/08/frying-pan-pizza-b691022.jpg?quality=90&webp=true&resize=440,400	Frying pan pizza with aubergine, ricotta & mint	This recipe ensures a crispy-bottomed pizza without ever turning on the oven. It's easy, veggie and 2 of your 5-a-day	"[""white bread flour"", ""fast-action dried yeast"", ""passata"", ""aubergine"", ""ricotta"", ""mint""]"	"[""Wheat""]"	"[""Halal"", ""Kosher"", ""Vegetarian"", ""Non-spicy"", ""Pescetarian""]"	"[""Lunch"", ""Dinner"", ""Breakfast""]"
https://images.immediate.co.uk/production/volatile/sites/30/2020/08/millionaires-shortbread-52587dd.jpg?quality=90&webp=true&resize=440,400	Easy millionaire’s shortbread	Combine the crunch of a shortbread base with a gooey caramel middle and chocolate topping, and you have millionaire's shortbread – the ultimate sweet treat	"[""plain flour"", ""caster sugar"", ""butter"", ""margarine"", ""condensed milk"", ""milk chocolate""]"	"[""Wheat"", ""Milk""]"	"[""Halal"", ""Kosher"", ""Vegetarian"", ""Non-spicy"", ""Pescetarian""]"	"[""Lunch"", ""Dinner"", ""Breakfast"", ""Dessert""]"
https://images.immediate.co.uk/production/volatile/sites/30/2020/08/easy-huevos-rancheros-38e94de.jpg?quality=90&webp=true&resize=440,400	Easy huevos rancheros	An easy Mexican breakfast that'll keep you going all morning, it's got everything you need to pep up your plate	"[""vegetable oil"", ""tortilla wrap"", ""egg"", ""black beans"", ""lime"", ""ripe avocado"", ""feta"", ""hot chilli sauce""]"	"[""Wheat"", ""Eggs""]"	"[""Halal"", ""Kosher"", ""Vegetarian"", ""Pescetarian"", ""Non-spicy""]"	"[""Breakfast""]"
https://images.immediate.co.uk/production/volatile/sites/30/2020/08/veggie-chilli-4a57c04.jpg?quality=90&webp=true&resize=440,400	Vegetarian chilli	The easiest chilli you'll ever make, with ready-to-eat grains, kidney beans in chilli sauce and summer veggies - it's 4 of your 5-a-day too!	"[""oven-roasted vegetables"", ""kidney beans in chilli sauce"", ""chopped tomatoes"", ""ready-to-eat mixed grain pouch""]"	[]	"[""Halal"", ""Kosher"", ""Vegetarian"", ""Pescetarian"", ""Vegan"", ""Gluten free"", ""Dairy free"", ""Sugar free""]"	"[""Lunch"", ""Dinner"", ""Breakfast""]"
https://images.immediate.co.uk/production/volatile/sites/30/2020/08/recipe-image-legacy-id-908547_11-e97e641.jpg?quality=90&webp=true&resize=440,400	Easy treacle sponge	A simple baked version of this classic childhood pudding, with a zesty treacle sauce forming an irresistible puddle at the bottom	"[""golden syrup"", ""lemon"", ""breadcrumb"", ""butter"", ""golden caster sugar"", ""eggs"", ""self-raising flour"", ""milk""]"	"[""Wheat"", ""Eggs"", ""Milk""]"	"[""Halal"", ""Kosher"", ""Vegetarian"", ""Pescetarian"", ""Non-spicy""]"	"[""Lunch"", ""Dinner"", ""Breakfast"", ""Dessert""]"
https://images.immediate.co.uk/production/volatile/sites/30/2020/08/easy-rocky-road-13bd3fb.jpg?quality=90&webp=true&resize=440,400	Easy rocky road	Great for a bake sale, a gift, or simply an afternoon treat to enjoy with a cuppa, this rocky road is quick to make and uses mainly storecupboard ingredients.	"[""digestive biscuits"", ""margarine"", ""dark chocolate"", ""golden syrup"", ""mini marshmallows"", ""nuts""]"	"[""Eggs"", ""Milk"", ""Tree Nuts""]"	"[""Halal"", ""Kosher"", ""Vegetarian"", ""Pescetarian"", ""Non-spicy""] "	"[""Lunch"", ""Dinner"", ""Breakfast"", ""Dessert""]"
https://images.immediate.co.uk/production/volatile/sites/30/2020/08/easy-chocolate-molten-cakes-37a25eb.jpg?quality=90&webp=true&resize=440,400	Easy chocolate molten cakes	Bake an impressive dinner party dessert with minimum fuss – these chocolate puddings, also known as chocolate fondant or lava cake, have a lovely gooey centre	"[""butter"", ""dark chocolate"", ""light brown soft sugar"", ""large eggs"", ""vanilla extract"", ""plain flour"", ""cream""]"	"[""Eggs"", ""Milk"", ""Wheat""]"	"[""Halal"", ""Kosher"", ""Vegetarian"", ""Pescetarian"", ""Non-spicy""] "	"[""Lunch"", ""Dinner"", ""Breakfast"", ""Dessert""]"
https://images.immediate.co.uk/production/volatile/sites/30/2020/08/recipe-image-legacy-id-52383_11-427dca7.jpg?quality=90&webp=true&resize=440,400	Easy chicken tagine	Simple one-pots are perfect for the busy cook. This chicken tagine is great eaten with cous cous for something a bit more filling	"[""chicken thighs"", ""onion"", ""grated fresh root ginger"", ""tumeric"", ""parsley"", ""lemon""]"	[]	"[""Kosher"", ""Halal"", ""Non-spicy"", ""Gluten free"", ""Dairy free"", ""Keto""]"	"[""Lunch"", ""Dinner""]"
https://images.immediate.co.uk/production/volatile/sites/30/2020/08/recipe-image-legacy-id-256465_11-3b0bda1.jpg?quality=90&webp=true&resize=440,400	Easy chicken kiev	Homemade chicken kievs don't have to mean hours in the kitchen. Just add spuds and salad before serving	"[""garlic cloves"", ""flat-leaf parsley"", ""breadcrumbs"", ""chicken breasts"", ""bsp garlic & herb soft cheese"", ""olive oil""]"	"[""Milk"", ""Wheat""]"	"[""Kosher"", ""Halal"", ""Non-spicy"", ""Sugar free""]"	"[""Lunch"", ""Dinner""]"
https://images.immediate.co.uk/production/volatile/sites/30/2020/08/ultimate-chorizo-ciabatta-c3f006e.jpg?quality=90&webp=true&resize=440,400	Ultimate chorizo ciabatta	Crusty ciabatta, spicy chorizo, a generous dollop of pesto and sweet roasted peppers make a moreish combination. Serve warm for a quick supper you'll really enjoy	"[""ciabatta"", ""chorizo"", ""pesto"", ""roasted red peppers"", ""rocket""]"	"[""Wheat""]"	"[""Kosher"", ""Halal"", ""Non-spicy"", ""Pescetarian"", ""Vegetarian"", ""Vegan""]"	"[""Dinner"", ""Breakfast""]"
https://images.immediate.co.uk/production/volatile/sites/30/2020/08/recipe-image-legacy-id-1010491_10-0d165c5.jpg?quality=90&webp=true&resize=440,400	Easy vegan burgers	Make vegan burgers with polenta and spice with cumin, chilli and coriander. Cook in the oven or on the barbecue and serve with a plant-based salsa	"[""sweet potatoes"", ""oil"", ""red onions"", ""red chillies"", ""cumin"", ""coriander"", ""sweetcorn"", ""polenta""]"	[]	"[""Kosher"", ""Halal"", ""Pescetarian"", ""Vegetarian"", ""Vegan"", ""Dairy free""]"	"[""Dinner"", ""Breakfast""]"
https://images.immediate.co.uk/production/volatile/sites/30/2020/08/easy_choc_biscuits-59ca9be.jpg?quality=90&webp=true&resize=440,400	Easy chocolate biscuits	Try this basic recipe for fail-safe biscuits every time. Make a batch of chocolate chip cookies, or adapt it to include nuts, fruit or your favourite sweets	"[""butter"", ""brown sugar"", ""eggs"", ""self-raising flour"", ""cocoa powder""]"	"[""Milk"", ""Wheat"", ""Eggs""]"	"[""Kosher"", ""Halal"", ""Pescetarian"", ""Vegetarian"", ""Non-spicy""]"	"[""Lunch"", ""Dinner"", ""Breakfast"", ""Dessert""]"
https://images.immediate.co.uk/production/volatile/sites/30/2020/08/recipe-image-legacy-id-1259495_9-59c201e.jpg?quality=90&webp=true&resize=440,400	Easy sweet & sour chicken	Ditch the takeaway and make our simple sweet and sour chicken recipe. This speedy Chinese-style rice dish is ready in under 30 minutes and packed with zingy flavours	"[""tomato ketchup"", ""malt vinegar"", ""dark muscovado sugar"", ""garlic cloves"", ""chicken breast"", ""small onion"", ""red peppers"", ""pineapple pieces""]"	[]	"[""Kosher"", ""Halal"", ""Non-spicy"", ""Paleo""]"	"[""Lunch"", ""Dinner""]"
https://images.immediate.co.uk/production/volatile/sites/30/2020/08/recipe-image-legacy-id-363907_12-20473e7.jpg?quality=90&webp=true&resize=440,400	Easy chocolate cupcakes	These light cakes are perfect for freezing – they just need a quick blast in the microwave to bring them back to life	"[""dark chocolate"", ""self-raising flour"", ""cocoa"", ""sunflower oil"", ""sour cream"", ""eggs"", ""vanilla extract""]"	"[""Wheat"", ""Eggs""]"	"[""Kosher"", ""Halal"", ""Pescetarian"", ""Vegetarian"", ""Non-spicy""]"	"[""Lunch"", ""Dinner"", ""Breakfast"", ""Dessert""]"
https://images.immediate.co.uk/production/volatile/sites/30/2020/08/asian-prawn-quinoa-salad-4609845.jpg?quality=90&webp=true&resize=440,400	Asian prawn & quinoa salad	This fresh salad is 3 of your 5-a-day. With zingy lime and a hit of chilli heat, it's also a great introduction to quinoa if you haven't tried it before	"[""quinoa"", ""prawns"", ""avocado"", ""cucumber"", ""watercress"", ""cherry tomatoes"", ""red chilli""]"	"[""Shellfish"", ""Fish""]"	"[""Kosher"", ""Halal"", ""Pescetarian"", ""Vegetarian"", ""Dairy free"", ""Gluten free""]"	"[""Lunch"", ""Dinner"", ""Salad""]"
https://images.immediate.co.uk/production/volatile/sites/30/2020/08/recipe-image-legacy-id-219569_11-766d6d3.jpg?quality=90&webp=true&resize=440,400	Quick & easy hot-and-sour chicken noodle soup	Keep tasting the broth and add as much chilli and rice vinegar as you like to get the right balance of flavours	"[""dried wholewheat noodle"", ""groundnut oil"", ""grated ginger"", ""red chilli"", ""chicken thighs"", ""Shaohsing rice wine"", ""vegetable stock"", ""chestnut mushrooms"", ""dark soy sauce""]"	"[""Wheat""]"	"[""Kosher"", ""Halal"", ""Dairy free"", ""Vegetarian"", ""Vegan""]"	"[""Lunch"", ""Soup"", ""Noodles""]"
https://images.immediate.co.uk/production/volatile/sites/30/2020/08/easy-bread-7455dce.jpg?quality=90&webp=true&resize=440,400	Easy white bread	A great recipe for an electric breadmaker – or do it the traditional way	"[""strong white flour"", ""salt"", ""sachet fast-action yeast"", ""olive oil"", ""water""]"	"[""Wheat""]"	"[""Kosher"", ""Halal"", ""Dairy free"", ""Pescetarian"", ""Non-spicy""]"	"[""Lunch"", ""Dinner"", ""Breakfast""]"
https://images.immediate.co.uk/production/volatile/sites/30/2020/08/recipe-image-legacy-id-231460_10-81626ab.jpg?quality=90&webp=true&resize=440,400	Easy cheesy frittata	This simple lunch dish is a great way of getting children aged 5-9 involved in the kitchen	"[""spring onions"", ""frozen peas"", ""courgette"", ""slices of ham"", ""feta cheese"", ""eggs""]"	"[""Eggs"", ""Milk""]"	"[""Non-spicy"", ""Gluten free""]"	"[""Breakfast""]"
https://images.immediate.co.uk/production/volatile/sites/30/2020/08/recipe-image-legacy-id-195570_11-163bb59.jpg?quality=90&webp=true&resize=440,400	Easy lentil curry	Our fast, cheap and healthy vegetarian lentil curry, is comforting and full of flavour. It's also low in fat and freezable for speedy midweek meals.	"[""sunflower oil"", ""medium onions"", ""curry paste"", ""vegetable stock"", ""stewpack frozen vegetables"", ""red lentil"", ""basmati rice"", ""turmeric""]"	[]	"[""Halal"", ""Dairy free"", ""Pescetarian"", ""Gluten free"", ""Vegan"", ""Vegetarian"", ""Kosher""]"	"[""Lunch"", ""Dinner"", ""Curry"", ""Rice""]"
https://images.immediate.co.uk/production/volatile/sites/30/2020/08/clangers-soup--ec22471.jpg?quality=90&webp=true&resize=440,400	Easy green vegetable soup	Cook a bowlful of goodness inspired by the most famous soup connoisseur in the galaxy, the Soup Dragon, from the hit children's show Clangers	"[""spring onions"", ""potato"", ""garlic clove"", ""vegetable stock"", ""frozen peas"", ""fresh spinach"", ""natural yogurt""]"	[]	"[""Halal"", ""Non-spicy"", ""Pescetarian"", ""Gluten free"", ""Vegan"", ""Vegetarian"", ""Kosher""]"	"[""Lunch"", ""Soup""]"
https://images.immediate.co.uk/production/volatile/sites/30/2020/08/recipe-image-legacy-id-281665_12-a429fa2.jpg?quality=90&webp=true&resize=440,400	Easy veggie biryani	This tasty Indian-inspired dish is faster than a takeaway	"[""basmati rice"", ""mixed frozen vegetables"", ""raisins"", ""vegetable stock cube"", ""korma curry paste"", ""roasted salted cashew nuts""]"	"[""Tree Nuts""]"	"[""Halal"", ""Non-spicy"", ""Pescetarian"", ""Gluten free"", ""Dairy free"", ""Vegan"", ""Vegetarian"", ""Kosher""]"	"[""Lunch"", ""Dinner"", ""Curry"", ""Rice""]"
https://images.immediate.co.uk/production/volatile/sites/30/2020/08/steak-panzanella-salad-with-roasted-lemons-b3b13ef.jpg?quality=90&webp=true&resize=440,400	Bavette with sharp, sweet roasted lemons and crisp, spiced pitta bread makes a hearty meal that will satisfy even salad-phobics	Steak panzanella salad with roasted lemons	"[""unwaxed lemon"", ""olive oil"", ""za'atar"", ""pitta breads"", ""bavette steak"", ""tomatoes"", ""feta"", ""cucumber"", ""Kalamata olives"", ""mint""]"	"[""Wheat""]"	"[""Non-spicy""]"	"[""Lunch"", ""Meat"", ""Dinner""]"
https://images.immediate.co.uk/production/volatile/sites/30/2020/08/recipe-image-legacy-id-285552_11-0bcbfe0.jpg?quality=90&webp=true&resize=440,400	Easy strawberry ice cream	Children aged 3-6 can enjoy getting stuck in to making and eating this summery treat. Add your own toppings for extra fun	"[""strawberries"", ""mascarpone"", ""condensed milk"", ""sprinkles"", ""cones""]"	"[""Milk"", ""Wheat""]"	"[""Halal"", ""Non-spicy"", ""Pescetarian"", ""Vegetarian"", ""Kosher""]"	"[""Lunch"", ""Dinner"", ""Breakfast"", ""Dessert""]"
https://images.immediate.co.uk/production/volatile/sites/30/2020/08/easy-meatloaf-a57237c.jpg?quality=90&webp=true&resize=440,400	Easy meatloaf with spaghetti & tomato sauce	Two classics combined, meatloaf flavoured with sage and feta plus pasta and tomato sauce - guaranteed to please	"[""olive oil"", ""onions"", ""pork mince"", ""eggs"", ""fresh breadcrumbs"", ""sage leaves"", ""feta"", ""bay leaves""]"	"[""Eggs"", ""Wheat""]"	"[""Non-spicy""]"	"[""Lunch"", ""Dinner"", ""Meat""]"
https://images.immediate.co.uk/production/volatile/sites/30/2020/08/recipe-image-legacy-id-320528_12-15710eb.jpg?quality=90&webp=true&resize=440,400	Easy gooseberry cobbler	This low-fat and satisfying cobbler is the perfect way to end a roast lunch with friends in summer	"[""gooseberries"", ""caster sugar"", ""grated root ginger"", ""elderflower cordial"", ""plain flour"", ""baking powder"", ""butter"", ""buttermilk""]"	"[""Wheat"", ""Milk""]"	"[""Vegetarian"", ""Kosher"", ""Halal"", ""Non-spicy"", ""Pescetarian""]"	"[""Lunch"", ""Breakfast"", ""Dessert""]"
https://images.immediate.co.uk/production/volatile/sites/30/2020/08/recipe-image-legacy-id-424794_12-3730781.jpg?quality=90&webp=true&resize=440,400	Easy tomato pizzas	These colourful, flavour-packed pizzas are low-fat and delicious too	"[""white bread flour"", ""sachet fast-action yeast"", ""extra-virgin olive oil"", ""water"", ""tomatoes"", ""toppings""]"	"[""Wheat"", ""Milk""]"	"[""Vegetarian"", ""Kosher"", ""Halal"", ""Non-spicy"", ""Pescetarian""]"	"[""Lunch"", ""Dinner"", ""Breakfast""]"
https://images.immediate.co.uk/production/volatile/sites/30/2020/08/chocolate-avocado-cake-51c276b.jpg?quality=90&webp=true&resize=440,400	Easy vegan chocolate cake	This indulgent, fudgy vegan bake is topped with a rich frosting – you'd never guess that it's free from dairy, eggs, wheat and nuts	"[""Dairy free sunflower spread"", ""avocado"", ""light muscovado sugar"", ""gluten-free plain flour"", ""cocoa powder"", ""gluten-free baking powder"", ""unsweetened soya milk"", ""Dairy free chocolate"", ""unsweetened soya milk""]"	"[""Soy""]"	"[""Gluten free"", ""Dairy free"", ""Vegan"", ""Vegetarian"", ""Kosher"", ""Halal"", ""Non-spicy"", ""Pescetarian""]"	"[""Lunch"", ""Breakfast"", ""Dessert""]"
https://images.immediate.co.uk/production/volatile/sites/30/2020/08/recipe-image-legacy-id-327939_12-7d9a10f.jpg?quality=90&webp=true&resize=440,400	Easy oven frittata	Sure to become a firm family favourite, this dish is packed with peas, sweetcorn and peppers - it'll help you get your 5-a-day	"[""olive oil"", ""macaroni"", ""bunch spring onions"", ""sweetcorn"", ""frozen peas"", ""red pepper"", ""eggs"", ""semi-skimmed milk"", ""thyme leaves"", ""extra mature vegetarian chedder""]"	"[""Eggs"", ""Milk""]"	"[""Vegetarian"", ""Kosher"", ""Halal"", ""Non-spicy"", ""Pescetarian""]"	"[""Lunch"", ""Pasta"", ""Dinner""]"
https://images.immediate.co.uk/production/volatile/sites/30/2020/08/recipe-image-legacy-id-52552_11-2b1201c.jpg?quality=90&webp=true&resize=440,400	Salmon & dill fish cakes in 4 easy steps	Everybody loves fish cakes, and even the complete beginner can master these mouthwatering morsels	"[""salmon fillet"", ""bay leaves"", ""milk"", ""Maris Piper potato"", ""lemon"", ""mayonnaise"", ""Dijon mustard"", ""caper"", ""flour"", ""egg"", ""breadcrumbs""]"	"[""Fish"", ""Shellfish"", ""Milk"", ""Eggs"", ""Wheat""]"	"[""Pescetarian"", ""Non-spicy"", ""Vegetarian"", ""Kosher"", ""Halal""]"	"[""Lunch"", ""Dinner"", ""Seafood""]"
https://images.immediate.co.uk/production/volatile/sites/30/2020/08/recipe-image-legacy-id-1259724_8-317b7ef.jpg?quality=90&webp=true&resize=440,400	Quiche Lorraine in 4 easy steps	Intimidated by quiche and all that pastry making? Try this beginners guide and you'll be surprised how simple it can be	"[""flour"", ""ready-to-roll shortcrust pastry"", ""smoked streaky bacon"", ""medium cheddar"", ""eggs"", ""double cream"", ""nutmeg""]"	"[""Wheat"", ""Eggs""]"	"[""Non-spicy""]"	"[""Lunch"", ""Breakfast""]"
https://images.immediate.co.uk/production/volatile/sites/30/2020/08/chickpea-curry-fa1cb5a.jpg?quality=90&webp=true&resize=440,400	Chickpea & roasted parsnip curry	Parsnips work so well in this wintry vegan curry, adding flavour and texture. Serve with naans to soak up the lovely sauce	"[""parsnips"", ""vegetable oil"", ""cumin seeds"", ""onion"", ""bunch coriander"", ""curry paste"", ""chickpeas"", ""coconut milk"", ""limes"", ""yogurt""]"	"[""Milk""]"	"[""Gluten free""]"	"[""Lunch"", ""Dinner"", ""Curry"", ""Rice""]"
https://images.immediate.co.uk/production/volatile/sites/30/2020/08/recipe-image-legacy-id-4791_11-c807c25.jpg?quality=90&webp=true&resize=440,400	Easy spiced salmon kedgeree	Smoked salmon adds a new twist to this kedgeree - it's perfect for Saturday brunch	"[""basmati rice"", ""unsalted butter"", ""olive oil"", ""hot curry paste"", ""red onion"", ""smoked salmon"", ""eggs"",""fresh coriander""]"	"[""Fish"", ""Shellfish"", ""Eggs""]"	"[""Dairy free"", ""Gluten free"", ""Pescetarian"", ""Non-spicy"", ""Vegetarian"", ""Kosher"", ""Halal""]"	"[""Lunch"", ""Dinner"", ""Seafood"", ""Rice""]"
https://images.immediate.co.uk/production/volatile/sites/30/2020/08/recipe-image-legacy-id-10114_10-b52a8f1.jpg?quality=90&webp=true&resize=440,400	Really easy beefburgers	Perfect for getting the kids cooking, these burgers are fun to make, freeze well and are super tasty too	"[""lean minced beef"", ""mild chilli powder"", ""mild cheddar"", ""burger buns"", ""lettuce"", ""ketchup""]"	"[""Wheat""]"	"[""Dairy free"", ""Sugar free""]"	"[""Lunch"", ""Dinner"", ""Meat""]"
https://images.immediate.co.uk/production/volatile/sites/30/2020/08/recipe-image-legacy-id-4274_11-96cd839.jpg?quality=90&webp=true&resize=440,400	Easy Italian bean salad	A quick and easy summery salad - ideal for serving with a barbecue spread	"[""onions"", ""garlic cloves"", ""red chilli"", ""cannellini beans"", ""butter beans"", ""olive oil"", ""white wine vinegar""]"	[]	"[""Pescetarian"", ""Non-spicy"", ""Vegetarian"", ""Vegan"", ""Kosher"", ""Halal"", ""Dairy free"", ""Gluten free""]"	"[""Lunch"", ""Dinner"", ""Breakfast""]"
https://images.immediate.co.uk/production/volatile/sites/30/2020/08/recipe-image-legacy-id-1574_11-4bbb1d4.jpg?quality=90&webp=true&resize=440,400	Easy noodles	This simple version of a Malaysian classic is microwaved in a single bowl - an easy supper for 4	"[""chicken stock"", ""coconut milk"", ""red Thai curry paste"", ""turmeric"", ""chicken breast fillets"", ""rice noodles"", ""stir-fry mix""]"	"[""Wheat""]"	"[""Kosher"", ""Halal"", ""Dairy free""]"	"[""Lunch"", ""Dinner"", ""Breakfast"", ""Noodles""]"
https://images.immediate.co.uk/production/volatile/sites/30/2020/08/recipe-image-legacy-id-337457_12-8107153.jpg?quality=90&webp=true&resize=440,400	One-pot chicken chasseur	This French bistro classic is easy to make at home and fabulous with creamy mash or crusty bread	"[""olive oil"", ""butter"", ""chicken legs"", ""onion"", ""garlic cloves"", ""chestnut mushrooms"", ""red wine"", ""tomato purée"", ""chicken stock""]"	[]	"[""Paleo"", ""Dairy free"", ""Kosher"", ""Halal"", ""Dairy free"", ""Gluten free""]"	"[""Lunch"", ""Dinner""]"
https://images.immediate.co.uk/production/volatile/sites/30/2020/08/recipe-image-legacy-id-513543_11-f28efa6.jpg?quality=90&webp=true&resize=440,400	Hob-to-table moussaka	Try this rich, hearty and quick variation on the classic family favourite	"[""onion"", ""garlic cloves"", ""minced lamb"", ""plum tomatoes"", ""tomato purée"", ""cinnamon"", ""chargrilled aubergines"", ""feta cheese"", ""mint""]"	[]	"[""Paleo"", ""Dairy free"", ""Paleo"", ""Sugar free"", ""Keto""] "	"[""Lunch"", ""Dinner"", ""Meat""]"
https://images.immediate.co.uk/production/volatile/sites/30/2020/08/recipe-image-legacy-id-1238452_7-35e4911.jpg?quality=90&webp=true&resize=440,400	Lemon drizzle cake	It's difficult not to demolish this classic lemon drizzle in just one sitting, so why not make two at once?	"[""unsalted butter"", ""caster sugar"", ""eggs"", ""self-raising flour"", ""lemon""]"	"[""Eggs"", ""Wheat""]"	"[""Pescetarian"", ""Non-spicy"", ""Vegetarian"", ""Kosher"", ""Halal"", ""Dairy free""]"	"[""Dessert""]"
https://images.immediate.co.uk/production/volatile/sites/30/2020/08/yummy-scrummy-carrot-cake_1-964d640.jpg?quality=90&webp=true&resize=440,400	Carrot cake	Delight friends with an afternoon tea that includes this easy carrot cake. You can bake the cake, freeze it and just drizzle over the icing on the day	"[""light muscovado sugar"", ""sunflower oil"", ""eggs"", ""carrot"", ""raisins"", ""orange"", ""self-raising flour""]"	"[""Eggs"", ""Wheat""]"	"[""Pescetarian"", ""Non-spicy"", ""Vegetarian"", ""Kosher"", ""Halal"", ""Dairy free""]"	"[""Lunch"", ""Dinner"", ""Breakfast"", ""Dessert""]"
https://images.immediate.co.uk/production/volatile/sites/30/2020/08/recipe-image-legacy-id-809539_11-f9b1b31.jpg?quality=90&webp=true&resize=440,400	Chocolate brownie cake	Get kids cooking at the weekend by baking this yummy brownie cake, much better than shop bought	"[""butter"", ""caster sugar"", ""plain chocolate"", ""golden syrup"", ""eggs"", ""vanilla extract"", ""plain flour""]"	"[""Eggs"", ""Wheat""]"	"[""Pescetarian"", ""Non-spicy"", ""Vegetarian"", ""Kosher"", ""Halal"", ""Dairy free""]"	"[""Lunch"", ""Dinner"", ""Breakfast"", ""Dessert""]"
https://images.immediate.co.uk/production/volatile/sites/30/2020/08/recipe-image-legacy-id-488691_11-ca2ba1d.jpg?quality=90&webp=true&resize=440,400	Spicy root & lentil casserole	The potatoes in this recipe take on the spicy flavours beautifully - our idea of the perfect veggie supper	"[""vegetable oil"", ""onion"", ""garlic clove"", ""potatoes"", ""carrot"", ""parsnip"", ""curry paste"", ""vegetable stock"", ""red lentils""]"	[]	"[""Pescetarian"", ""Gluten free"", ""Vegetarian"", ""Kosher"", ""Halal"", ""Dairy free"", ""Non-spicy""]"	"[""Lunch"", ""Dinner"", ""Breakfast"", ""Dessert""]"
https://images.immediate.co.uk/production/volatile/sites/30/2020/08/recipe-image-legacy-id-1201760_11-9e59547.jpg?quality=90&webp=true&resize=440,400	Hearty pasta soup	Do something different with a pack of tortellini. This filling soup is full of fibre and veg, plus it's low in fat. The perfect lunch or supper	"[""olive oil"", ""carrots"", ""onion"", ""vegetable stock"", ""chopped tomato"", ""mixed peas and beans"", ""tortellini"", ""basil leaves"", ""parmesan""]"	[]	"[""Pescetarian"", ""Gluten free"", ""Vegetarian"", ""Kosher"", ""Halal"", ""Dairy free""]"	"[""Lunch"", ""Dinner"", ""Pasta"", ""Soup""]"
https://images.immediate.co.uk/production/volatile/sites/30/2020/08/recipe-image-legacy-id-373498_11-af7aea1.jpg?quality=90&webp=true&resize=440,400	Oven-baked risotto	Cook this simple storecupboard risotto in the oven while you get on with something else – the result is still wonderfully creamy	"[""smoked bacon"", ""onion"", ""butter"", ""risotto rice"", ""white wine"", ""cherry tomatoes"", ""chicken stock"", ""parmesan""]"	[]	"[""Gluten free"", ""Dairy free"", ""Non-spicy""]"	"[""Lunch"", ""Dinner"", ""Rice""]"
https://images.immediate.co.uk/production/volatile/sites/30/2020/08/recipe-image-legacy-id-338668_12-033f966.jpg?quality=90&webp=true&resize=440,400	Summer traybake chicken	A great dish for dinner parties and family meals in - quick, easy and very tasty	"[""chicken breasts"", ""olive oil"", ""cherry tomatoes"", ""pesto""]"	[]	"[""Non-spicy"", ""Pescetarian"", ""Gluten free"", ""Vegetarian"", ""Kosher"", ""Halal"", ""Dairy free"", ""Paleo"", ""Keto""]"	"[""Lunch"", ""Dinner""]"
https://images.immediate.co.uk/production/volatile/sites/30/2020/08/vegan-gravy-e9ca7c0.jpg?quality=90&webp=true&resize=440,400	Easy vegan gravy	Pair this simple vegan gravy with lentil-based dishes or nut roasts. It adds a salty, umami punch to roasted roots, steamed greens and Sunday roasts	"[""brown miso paste"", ""cornflour"", ""cashew butter""]"	[]	"[""Non-spicy"", ""Pescetarian"", ""Gluten free"", ""Vegetarian"", ""Vegan"", ""Kosher"", ""Halal"", ""Dairy free""]"	"[""Lunch"", ""Dinner"", ""Soup""]"
https://images.immediate.co.uk/production/volatile/sites/30/2020/08/herb-ricotta-chicken-with-mushroom-rice-440-400-1ed9a74.jpg?quality=90&webp=true&resize=440,400	Herb & ricotta chicken with mushroom rice	Stuff chicken breasts with a creamy garlic and Parmesan filling for a special, yet super-healthy, dinner that provides folate, iron and two of your 5-a-day	"[""rapeseed oil"", ""leeks"", ""closed cup mushrooms"", ""brown basmati rice"", ""thyme sprigs"", ""ricotta"", ""parmesan"", ""chicken breast fillets""]"	"[""Milk""]"	"[""Non-spicy"", ""Gluten free"", ""Kosher"", ""Halal""]"	"[""Lunch"", ""Dinner"", ""Rice""]"
https://images.immediate.co.uk/production/volatile/sites/30/2020/08/bombay-potato-omelette-d94a132.jpg?quality=90&webp=true&resize=440,400	Bombay potato omelette	Make this comforting Bombay potato omelette as an easy lunch or simple supper. To serve, top with a drizzle of yogurt or raita and some chilli sauce	"[""vegetable oil"", ""onion"", ""cooked potato"", ""curry powder"", ""nigella seeds"", ""eggs"", ""natural yogurt or raita"", ""chilli sauce""]"	"[""Eggs"", ""Milk""]"	"[""Gluten free"", ""Kosher"", ""Halal"", ""Vegetarian"", ""Pescetarian""]"	"[""Breakfast""]"
https://images.immediate.co.uk/production/volatile/sites/30/2020/08/breakfast-naans-b964744.jpg?quality=90&webp=true&resize=440,400	Breakfast naans	Top naan breads with cream cheese, chutney, avocado and eggs for a tasty breakfast or brunch. They take just 10 minutes to make and deliver one of your 5-a-day	"[""vegetable or sunflower oil"", ""eggs"", ""naan breads"", ""low-fat cream cheese"", ""mango chutney"", ""avocado"", ""lime"", ""green chilli""]"	"[""Eggs"", ""Wheat"", ""Milk""]"	"[""Kosher"", ""Halal"", ""Vegetarian"", ""Pescetarian""]"	"[""Breakfast""]"
https://images.immediate.co.uk/production/volatile/sites/30/2020/08/red-berry-compote-4464838.jpg?quality=90&webp=true&resize=440,400	Red berry fruit compote (German rote grütze)	This light, fruity dessert is a German summertime staple - a mixed berry compote with custard. The fruity mix is ideal as a topping for granola or stirred through ice cream	"[""pitted cherries"", ""frozen forest fruits"", ""cranberry juice"", ""vanilla extract"", ""ground cinnamon"", ""golden caster sugar"", ""rosewater"", ""cornflour""]"	[]	"[""Non-spicy"", ""Pescetarian"", ""Gluten free"", ""Vegetarian"", ""Vegan"", ""Kosher"", ""Halal"", ""Dairy free""]"	"[""Cocktail"", ""Lunch"", ""Breakfast"", ""Dinner""]"
https://images.immediate.co.uk/production/volatile/sites/30/2020/08/shakshuka-flatbread-bake-d6bd891.jpg?quality=90&webp=true&resize=440,400	Shakshuka flatbread bake	Try an exotic brunch of spiced Turkish-style eggs. Using canned tomatoes and shop-bought flatbreads means less prep time on a leisurely morning	"[""olive oil"", ""onion"", ""garlic cloves"", ""bay leaf"", ""red chilli"", ""cumin seeds"", ""smoked paprika"", ""cayenne pepper"", ""red pepper"", ""chopped tomatoes""]"	"[""Wheat"", ""Eggs""]"	"[""Pescetarian"", ""Vegetarian"", ""Kosher"", ""Halal"", ""Dairy free""]"	"[""Breakfast"", ""Lunch""]"
https://images.immediate.co.uk/production/volatile/sites/30/2020/08/easy-salmon-coulibiac-f42a130.jpg?quality=90&webp=true&resize=440,400	Easy salmon coulibiac	This dish of pastry-wrapped rice and fish is easy but impressive so it works well as a midweek meal or dinner party centrepiece	"[""eggs"", ""olive oill"", ""mushrooms"", ""cooked brown rice"", ""dill"", ""lemons"", ""capers"", ""filo pastry"", ""salad leaves"", ""salmon fillet""]"	"[""Fish"", ""Eggs"", ""Wheat""]"	"[""Pescetarian"", ""Vegetarian"", ""Kosher"", ""Halal"", ""Dairy free""]"	"[""Lunch"", ""Dinner"", ""Seafood"", ""Breakfast"", ""Rice"", ""Non-spicy""]"
https://images.immediate.co.uk/production/volatile/sites/30/2020/08/pork-noodle-stir-fry-3cb19c3.jpg?quality=90&webp=true&resize=440,400	"""Pork noodle stir-fry "	Whip up this filling pork noodle stir-fry for a quick and easy midweek meal. It takes just 30 minutes to make, so is great for busy evenings	"[""sesame oil"", ""lean pork mince"", ""egg noodles"", ""thumb-sized piece ginger"", ""garlic cloves"", ""stir-fry veg"", ""low-salt soy sauce"", ""sweet chilli sauce""]"	"[""Eggs""]"	"[""Dairy free""]"	"[""Lunch"", ""Dinner"", ""Noodles"", ""Meat""]"
https://images.immediate.co.uk/production/volatile/sites/30/2020/08/sweet-potato-nachos-11b6397.jpg?quality=90&webp=true&resize=440,400	Sweet potato nachos	Everyone will love these easy veggie nachos. They're full of calcium and fibre and contain 3 of your 5-a-day, so make a great better-for-you film night snack	"[""sweet potatoes"", ""rapeseed oil"", ""black beans"", ""tomato salsa"", ""cheddar"", ""avocado"", ""lime"", ""bunch coriander"", ""red onion""]"	[]	"[""Pescetarian"", ""Vegetarian"", ""Kosher"", ""Halal"", ""Dairy free"", ""Non-spicy"", ""Gluten free""]"	"[""Lunch"", ""Dinner""]"
https://images.immediate.co.uk/production/volatile/sites/30/2020/08/harissa-crumbed-fish-with-lentils-peppers-31f9624.jpg?quality=90&webp=true&resize=440,400	Harissa-crumbed fish with lentils & peppers	This smoky cod dish makes a great midweek meal – it's quick, low calorie and made in just one pan, which saves on washing up	"[""puy lentils"", ""red peppers"", ""black olives"", ""lemon"", ""rapeseed oil"", ""cod fillets"", ""fresh breadcrumbs"", ""harissa"", ""flat-leaf parsley""]"	"[""Fish""]"	"[""Pescetarian"", ""Vegetarian"", ""Kosher"", ""Halal"", ""Dairy free"", ""Non-spicy"", ""Gluten free""]"	"[""Lunch"", ""Dinner"", ""Seafood""]"
https://images.immediate.co.uk/production/volatile/sites/30/2020/08/recipe-image-legacy-id-338576_12-d97fbf5.jpg?quality=90&webp=true&resize=440,400	Easy Thai prawn curry	Try our easy Thai prawn curry on a busy weeknight. This quick dinner is ready in under 20 minutes and flavoured with warming red Thai curry paste	"[""vegetable oil"", ""onion"", ""root ginger"", ""Thai red curry paste"", ""tomatoes"", ""coconut cream"", ""prawns"", ""coriander""]"	"[""Fish"", ""Shellfish""]"	"[""Pescetarian"", ""Vegetarian"", ""Kosher"", ""Halal"", ""Dairy free"", ""Non-spicy"", ""Gluten free""]"	"[""Lunch"", ""Dinner"", ""Seafood""]"
https://images.immediate.co.uk/production/volatile/sites/30/2020/08/recipe-image-legacy-id-800500_11-6e543cc.jpg?quality=90&webp=true&resize=440,400	Easy paella	Whip up this easy version of the traditional Spanish seafood dish straight from the storecupboard. Add extras such as chorizo and peas if you like	"[""olive oil"", ""onion"", ""dried thyme"", ""risotto rice"", ""white wine"", ""tomatoes"", ""chicken stock"", ""frozen seafood mix"", ""lemon""]"	"[""Fish"", ""Shellfish""]"	"[""Pescetarian"", ""Vegetarian"", ""Kosher"", ""Halal"", ""Dairy free"", ""Vegetarian"", ""Non-spicy"", ""Gluten free""]"	"[""Lunch"", ""Dinner"", ""Rice"", ""Seafood""]"
https://images.immediate.co.uk/production/volatile/sites/30/2020/08/cosmopolitan-7a6874f.jpg?quality=90&webp=true&resize=375,341	Cosmopolitan cocktail	Lipsmackingly sweet and sour, the Cosmopolitan cocktail of vodka, cranberry, orange liqueur and citrus is a good-time in a glass. Perfect for a party	"[""lemon vodka"", ""triple sec"", ""cranberry juice"", ""lime juice"", ""ice""]"	[]	"[""Vegetarian"", ""Kosher"", ""Dairy free"", ""Non-spicy"", ""Gluten free""]"	"[""Cocktail""]"
https://images.immediate.co.uk/production/volatile/sites/30/2020/08/passionfruit-pornstar-martini-df3bbfb.jpg?quality=90&webp=true&resize=375,341	Passion fruit martini	This easy passion fruit cocktail is bursting with zingy flavours and is perfect for celebrating with friends. Top with prosecco for a special tipple	"[""passion fruit"", ""vanilla vodka"", ""passoa"", ""lime juice"", ""sugar syrup"", ""prosecco""]"	[]	"[""Vegetarian"", ""Kosher"", ""Dairy free"", ""Non-spicy"", ""Gluten free""]"	"[""Cocktail""]"
https://images.immediate.co.uk/production/volatile/sites/30/2020/08/raspberry_gin-1b7e4d8.jpg?quality=90&webp=true&resize=375,341	Raspberry gin	Preserve the taste of summer in a bottle with this raspberry gin, perfect topped up with tonic. The gin will keep its lovely pink hue for a few months	"[""raspberries"", ""sugar"", ""gin""]"	[]	"[""Vegetarian"", ""Kosher"", ""Dairy free"", ""Non-spicy"", ""Gluten free""]"	"[""Cocktail""]"
https://images.immediate.co.uk/production/volatile/sites/30/2020/08/sex_on_the_beach-621ae6e.jpg?quality=90&webp=true&resize=375,341	Sex on the beach cocktail	Combine vodka with peach schnapps and cranberry juice to make a classic sex on the beach cocktail. Garnish with cocktail cherries and orange slices	"[""ice"", ""vodka"", ""peach schnapps"", ""oranges"", ""cranberry juice"", ""glacé cherries""]"	[]	"[""Vegetarian"", ""Kosher"", ""Dairy free"", ""Non-spicy"", ""Gluten free""]"	"[""Cocktail""]"
https://images.immediate.co.uk/production/volatile/sites/30/2020/08/gin_iced_tea-7addd18.jpg?quality=90&webp=true&resize=375,341	Pink gin iced tea	Blend pink gin with iced tea and you have this unique cocktail, made with spiced rum, elderflower and pink grapefruit. Serve in a jug for a sharing cocktail	"[""elderflower cordial"", ""elderflower cordial"", ""elderflower cordial"", ""elderflower cordial"", ""spiced rum"", ""pink gin"", ""chamomile tea""]"	[]	"[""Vegetarian"", ""Kosher"", ""Dairy free"", ""Non-spicy"", ""Gluten free""]"	"[""Cocktail""]"
https://images.immediate.co.uk/production/volatile/sites/30/2020/08/classic-negroni-dfc0ca9.jpg?quality=90&webp=true&resize=375,341	Pink negroni	Go pink with this fabulous cocktail flavoured with pink gin, rose vermouth and Aperol. Garnish with a wedge of pink grapefruit and a basil leaf to serve	"[""pink grapefruit"", ""ice"", ""Aperol"", ""rose vermouth"", ""pink gin""]"	[]	"[""Vegetarian"", ""Kosher"", ""Dairy free"", ""Non-spicy"", ""Gluten free""]"	"[""Cocktail""]"
https://images.immediate.co.uk/production/volatile/sites/30/2020/08/mojito-10c6621.jpg?quality=90&webp=true&resize=375,341	Mojito pitcher	Make a jug of refreshing mojitos to share, so you can spend more time with your guests. Try our three twists on this classic cocktail, too	"[""sparking water"", ""white rum"", ""ice"", ""mint sprigs"", ""granulated sugar"", ""limes""]"	[]	"[""Vegetarian"", ""Kosher"", ""Dairy free"", ""Non-spicy"", ""Gluten free""]"	"[""Cocktail""]"
https://images.immediate.co.uk/production/volatile/sites/30/2020/12/Brandy-sour-df7f189.jpg?quality=90&webp=true&resize=375,341	Brandy sour	Treat yourself to the classic cocktail brandy sour. With lemon juice and egg white, it's silky smooth and delicious. Serve with a slice of lemon and cherry	"[""ice"", ""brandy"", ""egg white"", ""Angostura bitters"", ""maraschino cherry"", ""lemon juice""]"	[]	"[""Vegetarian"", ""Kosher"", ""Dairy free"", ""Non-spicy"", ""Gluten free""]"	"[""Cocktail""]"
https://images.immediate.co.uk/production/volatile/sites/30/2020/08/hurricane-62b2c43.jpg?quality=90&webp=true&resize=375,341	Hurricane cocktail	Our tropical, rum-based hurricane cocktail is easy to make and sure to get your party started. Garnish with orange and cocktail cherries for a kitsch touch	"[""orange"",""cocktail cherries"", ""grenadine"", ""sugar syrup"", ""lemon juice"", ""orange juice"", ""passion fruit"", ""white rum""]"	[]	"[""Vegetarian"", ""Kosher"", ""Dairy free"", ""Non-spicy"", ""Gluten free""]"	"[""Cocktail""]"
https://images.immediate.co.uk/production/volatile/sites/30/2020/08/white-wine-sangria-8df2af3.jpg?quality=90&webp=true&resize=375,341	Easy white sangria	Try this refreshing twist on a traditional sangria and use white wine instead of red with elderflower to complement the fruit. Perfect for summer parties	"[""raspberries"", ""peaches"", ""limes"", ""elderflower cordial"", ""ginger wine, ""white wine""]"	[]	"[""Vegetarian"", ""Kosher"", ""Dairy free"", ""Non-spicy"", ""Gluten free""]"	"[""Cocktail""]"
https://images.immediate.co.uk/production/volatile/sites/30/2020/08/bucks-fizz-flute-glass-9d2d103.jpg?quality=90&webp=true&resize=375,341	Buck's fizz	The simple and classic combination of orange juice and champagne makes a perfect cocktail for a celebratory brunch or party	"[""champagne"", ""orange juice""]"	[]	"[""Vegetarian"", ""Kosher"", ""Dairy free"", ""Non-spicy"", ""Gluten free""]"	"[""Cocktail""]"
https://images.immediate.co.uk/production/volatile/sites/30/2020/08/recipe-image-legacy-id-444737_11-c63e0c7.jpg?quality=90&webp=true&resize=375,341	Mulled wine cocktail	The perfect party drink, as it can be made well ahead, then brought out of the fridge as guests arrive – or serve it hot for a traditional winter warmer	"[""lemon"", ""water"", ""cloves"", ""cinnamon"", ""star anise"", ""light muscovado sugar""]"	[]	"[""Vegetarian"", ""Kosher"", ""Dairy free"", ""Non-spicy"", ""Gluten free""]"	"[""Cocktail""]"
https://images.immediate.co.uk/production/volatile/sites/30/2020/08/alpine-fries-c435b22.jpg?quality=90&webp=true&resize=375,341	Alpine fries	Indulge in French fries topped with melted cheese, ham and pickles. Serve as a side dish or an easy snack for entertaining friends and family	"[""pickled cornichons"", ""smoked ham slices"", ""raclette cheese"", ""French fries""]"	[]	"[""Non-spicy""]"	"[""Lunch"", ""Dinner""]"
https://images.immediate.co.uk/production/volatile/sites/30/2020/08/vegan-chilli-be48585.jpg?quality=90&webp=true&resize=375,341	Vegan chilli	This vegan chilli packs in plenty of vegetables and doesn’t fall short on the flavour front. Serve it with rice or in jacket potatoes for a filling supper	"[""oregano"",""garlic cloves"", ""celery sticks"", ""carrots"", ""onion"", ""cumin"", ""paprika"", ""sweet potatoes"", ""olive oil"", ""tomato purée""]"	[]	"[""Pescetarian"", ""Vegetarian"", ""Vegan"", ""Kosher"", ""Halal"", ""Gluten free"", ""Dairy free""]"	"[""Lunch"", ""Dinner""]"
https://images.immediate.co.uk/production/volatile/sites/30/2020/08/hdp-jambalaya-440-400-f14ba7f.jpg?quality=90&webp=true&resize=375,341	Vegan jambalaya	Enjoy a delicious plant-based dinner with this vegan rice and bean one-pot. It's packed with all five of your 5-a-day, as well as iron, vitamin C and fibre	"[""brown basmati rice"", ""dried oregano"", ""chilli flakes"", ""smoked paprika"", ""yellow pepper"", ""celery sticks"", ""onion"", ""olive oil"", ""chopped tomatoes"", ""butter beans""]"	[]	"[""Pescetarian"", ""Vegetarian"", ""Vegan"", ""Kosher"", ""Halal"", ""Gluten free"", ""Dairy free"", ""Sugar free""]"	"[""Lunch"", ""Dinner"", ""Rice""]"
https://images.immediate.co.uk/production/volatile/sites/30/2020/08/brownies-ba587aa.jpg?quality=90&webp=true&resize=375,341	Vegan brownies	Try these soft, squidgy brownies, without the dairy or eggs. They're perfect for vegans and people following a Dairy free diet and taste utterly divine.	"[""baking powder"", ""cocoa powder"", ""ground almonds"", ""self-raising flour"", ""vegan margarine"", ""coffee granules"", ""dark chocolate"", ""ground flaxseed""]"	[]	"[""Pescetarian"", ""Vegetarian"", ""Vegan"", ""Kosher"", ""Halal"", ""Gluten free"", ""Dairy free""]"	"[""Lunch"", ""Dinner"", ""Breakfast"", ""Dessert""]"
https://images.immediate.co.uk/production/volatile/sites/30/2020/08/vegan-meatballs-cc1ede5.jpg?quality=90&webp=true&resize=375,341	Vegan meatballs	Try a vegan version of meatballs, made with mushrooms, oats and black beans and topped with a delicious tomato sauce. Serve with spaghetti or polenta	"[""black beans"", ""sweet smoked paprika"", ""garlic cloves"", ""onion"", ""olive oil"", ""dried porcini mushrooms""]"	[]	"[""Pescetarian"", ""Vegetarian"", ""Vegan"", ""Kosher"", ""Halal"", ""Gluten free"", ""Dairy free"", ""Sugar free""]"	"[""Lunch"", ""Dinner"", ""Pasta""]"
https://images.immediate.co.uk/production/volatile/sites/30/2020/08/Kale-Pesto-df3faaf.jpg?quality=90&webp=true&resize=375,341	Vegan kale pesto pasta	Whizz up kale, pumpkin seeds, basil and garlic to make this easy kale pesto. It's perfect stirred through wholemeal spaghetti for a healthy vegan meal	"[""wholemeal spaghetti"", ""nutritional yeast"", ""extra virgin olive oil"", ""pumpkin seeds"", ""garlic clove"", ""basil"", ""kale""]"	"[""Wheat""]"	"[""Pescetarian"", ""Vegetarian"", ""Vegan"", ""Kosher"", ""Halal"", ""Gluten free"", ""Dairy free"", ""Sugar free""]"	"[""Lunch"", ""Dinner"", ""Pasta""]"
https://images.immediate.co.uk/production/volatile/sites/30/2020/08/slow-cooker-chilli-1c68664.jpg?quality=90&webp=true&resize=375,341	Slow cooker chilli con carne	Use whichever beans you have in the cupboard for this richly spiced beef and chipotle slow cooker chilli. It's a perfect meal to prepare for busy weeknights	"[""tortilla chips"", ""dark chocolate"", ""black beans"", ""beef stock"", ""smoked paprika"", ""ground cumin"", ""garlic cloves"", ""red pepper"", ""celery stick"", ""onion"", ""beef mince"", ""olive oil""]"	"[""Wheat"", ""Milk""]"	"[""Gluten free"", ""Dairy free""]"	"[""Lunch"", ""Dinner"", ""Meat"", ""Rice""]"
https://images.immediate.co.uk/production/volatile/sites/30/2020/08/pulled-chicken-ecb7673.jpg?quality=90&webp=true&resize=375,341	Slow cooker pulled chicken	Try this slow cooked smoky chicken as an easy alternative to pulled pork. It's best served in a bun or with rice, and makes a simple dish for a family meal	"[""burger buns"", ""lime"", ""light brown soft sugar"", ""barbecue sauce"", ""passata"", ""chipotle paste"", ""paprika"", ""garlic cloves"", ""onions"", ""chicken thighs"", ""vegetable oil""]"	"[""Wheat""]"	"[""Kosher"", ""Halal"", ""Dairy free""]"	"[""Lunch"", ""Dinner"", ""Pasta""]"
https://images.immediate.co.uk/production/volatile/sites/30/2020/08/recipe-image-legacy-id-879453_11-5257860.jpg?quality=90&webp=true&resize=375,341	Pumpkin soup	Whip up this easy pumpkin soup as a starter for a dinner party or a light supper when you need a bit of comfort – it has a lovely silky texture	"[""double cream"", ""vegetable stock"", ""pumpkin"", ""onions"", ""olive oil""]"	"[""Milk""]"	"[""Pescetarian"", ""Vegetarian"", ""Vegan"", ""Kosher"", ""Halal"", ""Gluten free"", ""Dairy free""]"	"[""Lunch"", ""Dinner"", ""Soup""]"
https://images.immediate.co.uk/production/volatile/sites/30/2020/08/mushroom_soup-9b55c55.jpg?quality=90&webp=true&resize=375,341	Mushroom soup	Make the most of mushrooms with this comforting mushroom soup recipe made with cream, onions and garlic. Serve for lunch or as a starter with crusty bread	"[""single cream"", ""bay leaf"", ""chicken stock"", ""plain flour"", ""mushrooms"", ""garlic clove"", ""onions"", ""butter""]"	"[""Milk"", ""Wheat""]"	"[""Kosher"", ""Halal"", ""Gluten free"", ""Non-spicy""]"	"[""Lunch"", ""Dinner"", ""Soup""]"
https://images.immediate.co.uk/production/volatile/sites/30/2020/08/russian-wild-mushroom-and-barley-soup_2-f103f5b.jpg?quality=90&webp=true&resize=375,341	Healthy mushroom soup	Make this hearty mushroom soup with pearl barley for a filling and healthy lunch or supper. Serve with a dollop of soured cream and crusty bread on the side	"[""chicken stock"", ""pearl barley"", ""celery"", ""carrot"", ""mushrooms"", ""unsalted butter"", ""olive oil"", ""porcini mushrooms""]"	"[""Milk""]"	"[""Kosher"", ""Halal"", ""Gluten free"", ""Non-spicy"", ""Sugar free""]"	"[""Lunch"", ""Dinner"", ""Soup""]"
https://images.immediate.co.uk/production/volatile/sites/30/2020/08/chicken_pasta_bake-06fe2d6.jpg?quality=90&webp=true&resize=375,341	Chicken pasta bake	Enjoy this gooey cheese and chicken pasta bake for the ultimate weekday family dinner. Serve straight from the dish with a dressed green salad	"[""mozzarella"", ""chicken breasts"", ""mascarpone"", ""caster sugar"", ""chopped tomatoes"", ""chilli flakes"", ""garlic cloves"", ""onion"", ""olive oil""]"	"[""Milk""]"	"[""Kosher"", ""Halal""]"	"[""Lunch"", ""Dinner"", ""Pasta""]"
https://images.immediate.co.uk/production/volatile/sites/30/2020/08/beet-hummus-crispy-chickpeas-subs-b705a73.jpg?quality=90&webp=true&resize=375,341	Beetroot, hummus & crispy chickpea sub sandwich	Load up a sub with homemade hummus, beetroot, chickpeas and salad to make this filling vegan sandwich. An ideal lunch for when hunger strikes	"[""mixed rocket"", ""ciabatta rolls"", ""vinegar"", ""olive oil"", ""vegan pesto"", ""chickpeas"", ""beetroot""]"	"[""Wheat""]"	"[""Kosher"", ""Halal"", ""Non-spicy"", ""Sugar free"", ""Vegan"", ""Vegetarian"", ""Dairy free""]"	"[""Lunch"", ""Dinner"", ""Soup""]"
https://images.immediate.co.uk/production/volatile/sites/30/2020/08/saucy-bean-baked-eggs-d582e18.jpg?quality=90&webp=true&resize=375,341	Saucy bean baked eggs	Make these five-ingredient baked eggs with tomatoes and beans using storecupboard staples. It's a quick, easy, tasty and healthy dish	"[""wholemeal rye bread"", ""smoked ham"", ""eggs"", ""baby spinach"", ""mixed bean salad"", ""cherry tomatoes""]"	"[""Eggs"", ""Wheat""]"	"[""Non-spicy"", ""Dairy free""]"	"[""Lunch"", ""Dinner"", ""Breakfast""]"
https://images.immediate.co.uk/production/volatile/sites/30/2020/08/swedish-smoked-salmon-spinach-gratin-8cb78d9.jpg?quality=90&webp=true&resize=375,341	Smoked salmon & spinach gratin	Make this easy Swedish-inspired smoked salmon and spinach gratin with just four ingredients. Serve with potatoes and roasted beets – perfect for entertaining	"[""double cream"", ""smoked raw salmon fillets"", ""butter"", ""spinach""]"	"[""Milk""]"	"[""Pescetarian"", ""Non-spicy"", ""Vegetarian"", ""Kosher"", ""Halal"", ""Paleo""]"	"[""Lunch"", ""Dinner"", ""Seafood""]"
https://images.immediate.co.uk/production/volatile/sites/30/2020/08/banana_galette-5eb2549.jpg?quality=90&webp=true&resize=375,341	Caramelised banana & chocolate galette	Impress friends and family with this simple, 5-ingredient galette with caramelised banana and chocolate. This easy dessert goes wonderfully with ice cream	"[""vanilla ice cream"", ""light brown soft sugar"", ""bananas"", ""puff pastry"", ""dark chocolate"", ""hazelnuts""]"	"[""Peanuts"", ""Wheat"", ""Milk""]"	"[""Non-spicy"", ""Vegetarian"", ""Kosher"", ""Halal""]"	"[""Lunch"", ""Dinner"", ""Breakfast"", ""Dessert""]"
https://images.immediate.co.uk/production/volatile/sites/30/2020/08/white-fish-with-sesame-noodles-90a7e31.jpg?quality=90&webp=true&resize=375,341	White fish with sesame noodles	Whip up this tasty seabass served with spinach, noodles and sesame seeds in just 20 minutes. It makes a great choice if you're looking for a speedy supper	"[""seabass fillets"", ""spinach leaves"", ""rice vinegar"", ""oil"", ""soy sauce"", ""toasted sesame seeds"", ""soba""]"	"[""Fish"", ""Soy"", ""Wheat""]"	"[""Non-spicy"", ""Vegetarian"", ""Kosher"", ""Halal"", ""Dairy free""]"	"[""Lunch"", ""Dinner"", ""Seafood"", ""Noodles""]"
https://images.immediate.co.uk/production/volatile/sites/30/2020/08/leek-frittata-1e48708.jpg?quality=90&webp=true&resize=375,341	Prawn & leek frittata	Omelettes step aside, this four-ingredient frittata is a speedy weeknight lifesaver that's packed with flavour and goes well with salad or crusty bread	"[""garlic & herb cream cheese"", ""eggs"", ""king prawns"", ""leeks""]"	"[""Shellfish"", ""Eggs""]"	"[""Non-spicy"", ""Vegetarian"", ""Kosher"", ""Halal""]"	"[""Lunch"", ""Seafood"", ""Breakfast""]"
