firstName	lastName	email	password	avatarURI	bio
Rhonda	Henninger	yolanda1982@yahoo.com	eag!hi3iaF2u	https://www.fakepersongenerator.com/Face/female/female1021951517212.jpg	Subtly charming travelaholic. Tv scholar. Typical organizer. Friend of animals everywhere.
Letita	Ruby	garnett.schaef@yahoo.com	oGha#i5ee	https://www.fakepersongenerator.com/Face/female/female1022378855316.jpg	Web guru. Avid bacon practitioner. Typical food fanatic. Friendly beer geek.
Larry	Arroyo	charlotte19@gmail.com	Viecaep@h1m	https://www.fakepersongenerator.com/Face/male/male20121086099491791.jpg	Infuriatingly humble zombie nerd. Typical beer ninja. Devoted food geek. Bacon practitioner.
John	Villarreal	hunter1978@yahoo.com	uX1u&ughooth	https://www.fakepersongenerator.com/Face/male/male1084768476685.jpg	Devoted twitter practitioner. Prone to fits of apathy. Tv maven. Food guru. Incurable writer.
Sharon	Buckner	brenda1986@yahoo.com	Cho$hW*7ei	https://www.fakepersongenerator.com/Face/female/female1021600490143.jpg	Devoted coffee fanatic. Lifelong writer. Foodaholic. Incurable beer geek. Hipster-friendly tv practitioner. Unapologetic web aficionado. Thinker.
Stevie	Henry	lucinda.botsfo@yahoo.com	i@oPhee3she	https://www.fakepersongenerator.com/Face/male/male1085246829773.jpg	Typical entrepreneur. Lifelong beer expert. Hipster-friendly internet buff. Analyst. Social media enthusiast.
Santos	Rodriguez	te.hacket0@yahoo.com	*doph0DahBei	https://www.fakepersongenerator.com/Face/female/female20151024223707092.jpg	Hipster-friendly internet evangelist. Proud communicator. Incurable thinker. Freelance creator. Total food enthusiast.
Eva	Bob	carley.sipe8@gmail.com	aepa4Hei6*i	https://www.fakepersongenerator.com/Face/female/female20161024647404114.jpg	Social media maven. Typical pop culture practitioner. Travel fan. Wannabe internet enthusiast. Coffee specialist. Lifelong explorer.
Michael	Baugher	ollie2011@hotmail.com	ui6i^r0beiY	https://www.fakepersongenerator.com/Face/male/male20161086287283478.jpg	Infuriatingly humble bacon practitioner. Extreme tv geek. General internet scholar. Zombie maven. Food fan. Professional web enthusiast. Problem solver.
Robbi	Davis	telly1996@yahoo.com	dah5c%hee%Ng	https://www.fakepersongenerator.com/Face/female/female1022154549652.jpg	Proud zombie maven. Incurable web guru. Wannabe bacon enthusiast. Coffeeaholic. Alcohol fan.
Darryl	Dotson	iva2015@gmail.com	eeSaemu6%xie	https://www.fakepersongenerator.com/Face/male/male20151083701139252.jpg	Professional coffee specialist. Hardcore student. Organizer. Proud pop cultureaholic. Entrepreneur. Gamer.
Bonnie	Sharpe	iva.jakubows@hotmail.com	ooJ#ei2pai	https://www.fakepersongenerator.com/Face/female/female20111023456824279.jpg	Explorer. Evil internet buff. Lifelong social media maven. Troublemaker. Incurable organizer.
Iris	Haynes	filomena.barro@gmail.com	ja(ipahCh4	https://www.fakepersongenerator.com/Face/female/female1021976363434.jpg	General music practitioner. Zombie enthusiast. Wannabe gamer. Future teen idol. Travel maven. Explorer. Unapologetic tv advocate. Entrepreneur.
Larry	Froman	tatyana.doy@hotmail.com	ph!ohGhu6Xee	https://www.fakepersongenerator.com/Face/male/male1085374622742.jpg	Extreme analyst. Travel advocate. Organizer. Professional music fanatic. Alcohol scholar. Incurable tv nerd.
Marjorie	Turner	noemy1971@hotmail.com	pha3a*hXu	https://www.fakepersongenerator.com/Face/female/female20151024178480255.jpg	Freelance communicator. Thinker. Beer guru. Writer. Amateur pop culture trailblazer. Bacon aficionado. Passionate alcohol fanatic. Analyst.
Donna	Washington	hulda1980@hotmail.com	Ekelu%8co9	https://www.fakepersongenerator.com/Face/female/female20151024337891601.jpg	
Ed	Jones	edjones1999@gmail.com	Password123!		